{"train_loss": 0.5201300735761458, "test_loss": 0.6897956049280733, "_timestamp": 1662995739.387546, "_runtime": 2.000180959701538, "_step": 25, "_wandb": {"runtime": 1}}