{"train_loss": 0.2591001575720934, "test_loss": 0.3254392091614139, "_timestamp": 1662956019.01848, "_runtime": 29.609071016311646, "_step": 40, "_wandb": {"runtime": 29}}