{"train_loss": 0.2541072515234227, "test_loss": 0.32451105301565025, "_timestamp": 1662969104.5017211, "_runtime": 35.69119119644165, "_step": 40, "_wandb": {"runtime": 35}}