{"train_loss": 0.2591001575720937, "test_loss": 0.3254392091614139, "_timestamp": 1662963816.21079, "_runtime": 28.81631898880005, "_step": 40, "_wandb": {"runtime": 28}}