{"train_weighted_f1": 0.853581644062378, "test_weighted_f1": 0.7034259700797393, "_timestamp": 1662969840.06552, "_runtime": 5.381461143493652, "_step": 39, "_wandb": {"runtime": 5}}