{"train_loss": 0.2762784683181074, "test_loss": 0.33545239519401693, "_timestamp": 1662995811.377367, "_runtime": 25.032170057296753, "_step": 25, "_wandb": {"runtime": 24}}