{"train_loss": 0.5995419814190313, "test_loss": 0.748446897217832, "_timestamp": 1662955960.2308428, "_runtime": 1.605088710784912, "_step": 40, "_wandb": {"runtime": 1}}