{"train_loss": 0.2541072515234233, "test_loss": 0.3245418822486918, "_timestamp": 1662970786.553178, "_runtime": 30.624017000198364, "_step": 40, "_wandb": {"runtime": 30}}