{"train_loss": 0.04695792205459981, "test_loss": 0.5093060462609356, "_timestamp": 1662970736.7518778, "_runtime": 2.29499888420105, "_step": 40, "_wandb": {"runtime": 2}}