{"train_loss": 0.4750926132981215, "test_loss": 0.6671067602895748, "_timestamp": 1662972349.129632, "_runtime": 2.0816071033477783, "_step": 40, "_wandb": {"runtime": 1}}