{"train_loss": 0.08672828805595294, "test_loss": 0.4120852941627204, "_timestamp": 1662970681.044962, "_runtime": 567.4217188358307, "_step": 40, "_wandb": {"runtime": 571}}