{"train_loss": 0.47509261329812097, "test_loss": 0.6671067602895743, "_timestamp": 1662970715.8755991, "_runtime": 2.1140620708465576, "_step": 40, "_wandb": {"runtime": 1}}