{"train_loss": 0.26681598931599554, "test_loss": 0.33032513643151684, "_timestamp": 1663000623.196896, "_runtime": 24.879942178726196, "_step": 30, "_wandb": {"runtime": 24}}