{"train_loss": 0.04695792205459981, "test_loss": 0.5093060462609356, "_timestamp": 1662972369.000461, "_runtime": 2.178556203842163, "_step": 40, "_wandb": {"runtime": 1}}