{"train_weighted_f1": 1.0, "test_weighted_f1": 0.7499448641103635, "_timestamp": 1662996115.32613, "_runtime": 2.9359710216522217, "_step": 24, "_wandb": {"runtime": 2}}