{"train_loss": 0.15310455456412608, "test_loss": 0.43968800529286545, "_timestamp": 1662963712.958154, "_runtime": 328.05189299583435, "_step": 40, "_wandb": {"runtime": 328}}