{"train_loss": 0.06721784247121922, "test_loss": 0.5462394592712186, "_timestamp": 1662955975.590775, "_runtime": 1.662519931793213, "_step": 40, "_wandb": {"runtime": 1}}