{"train_loss": 0.5009448003452873, "test_loss": 0.6791082145479287, "_timestamp": 1663000549.210508, "_runtime": 1.660945177078247, "_step": 30, "_wandb": {"runtime": 1}}