{"train_weighted_f1": 1.0, "test_weighted_f1": 0.7396136790813526, "_timestamp": 1663000838.668223, "_runtime": 3.5240697860717773, "_step": 29, "_wandb": {"runtime": 3}}