{"train_loss": 0.0956410252295061, "test_loss": 0.4010258085472452, "_timestamp": 1663000514.163658, "_runtime": 566.6248319149017, "_step": 30, "_wandb": {"runtime": 571}}