{"train_weighted_f1": 0.9192171685980586, "test_weighted_f1": 0.8451408570349145, "_timestamp": 1662996153.335859, "_runtime": 18.524670124053955, "_step": 24, "_wandb": {"runtime": 17}}