{"train_loss": 0.1019917153179376, "test_loss": 0.39454294685151026, "_timestamp": 1662995694.857973, "_runtime": 309.80086302757263, "_step": 25, "_wandb": {"runtime": 312}}