{"train_weighted_f1": 0.9667868125614842, "test_weighted_f1": 0.0, "_timestamp": 1662951212.287012, "_runtime": 49.795162200927734, "_step": 9, "_wandb": {"runtime": 60}}