{"train_loss": 0.1531045545641258, "test_loss": 0.43968800529286545, "_timestamp": 1662955939.000077, "_runtime": 309.94010305404663, "_step": 40, "_wandb": {"runtime": 310}}