{"train_loss": 0.061465811710461775, "test_loss": 0.5001621940810606, "_timestamp": 1662995766.5488052, "_runtime": 2.1573972702026367, "_step": 25, "_wandb": {"runtime": 1}}