{"train_loss": 0.254107251523423, "test_loss": 0.3245418822486924, "_timestamp": 1662972418.410063, "_runtime": 30.461182117462158, "_step": 40, "_wandb": {"runtime": 30}}