{"train_loss": 0.054922582567398556, "test_loss": 0.5033208279550934, "_timestamp": 1663000571.192578, "_runtime": 2.7222201824188232, "_step": 30, "_wandb": {"runtime": 1}}