{"train_loss": 0.08672828805595266, "test_loss": 0.4111438852413279, "_timestamp": 1662968992.7679412, "_runtime": 837.0651712417603, "_step": 40, "_wandb": {"runtime": 840}}