{"train_loss": 0.08672828805595321, "test_loss": 0.41208529416272094, "_timestamp": 1662972311.8456929, "_runtime": 514.9800639152527, "_step": 40, "_wandb": {"runtime": 520}}