{"train_weighted_f1": 1.0, "test_weighted_f1": 0.7207269192745551, "_timestamp": 1662967225.6611252, "_runtime": 4.33662223815918, "_step": 39, "_wandb": {"runtime": 3}}