{"train_loss": 0.5995419814190307, "test_loss": 0.748446897217832, "_timestamp": 1662963746.8806741, "_runtime": 1.715010166168213, "_step": 40, "_wandb": {"runtime": 1}}