{"train_loss": 0.04695792205459981, "test_loss": 0.5137272568322697, "_timestamp": 1662969048.9633012, "_runtime": 2.3024420738220215, "_step": 40, "_wandb": {"runtime": 1}}