{"train_loss": 0.06721784247122067, "test_loss": 0.5462394592712193, "_timestamp": 1662963767.819788, "_runtime": 1.7848758697509766, "_step": 40, "_wandb": {"runtime": 1}}