{"train_weighted_f1": 1.0, "test_weighted_f1": 0.7408413151811764, "_timestamp": 1662969864.027207, "_runtime": 4.38916277885437, "_step": 39, "_wandb": {"runtime": 4}}