{"train_loss": 0.47509261329812097, "test_loss": 0.6787424201540138, "_timestamp": 1662969028.486597, "_runtime": 3.1242051124572754, "_step": 40, "_wandb": {"runtime": 1}}