{"train_weighted_f1": 1.0, "test_weighted_f1": 0.7499448641103635, "_timestamp": 1662972753.89886, "_runtime": 4.0031280517578125, "_step": 39, "_wandb": {"runtime": 3}}