{"train_weighted_f1": 1.0, "test_weighted_f1": 0.7389325905601684, "_timestamp": 1662954641.092252, "_runtime": 3.489248037338257, "_step": 39, "_wandb": {"runtime": 3}}